res_date,ani_ID,res_ID,ani_name,locate
2021/01/15,Do,1,Ori,101B_Le Huu Trac
2021/01/18,C,1,Aka,My Khe 3
2021/01/21,M,1,Luna,Ngo Quyen
2021/02/1,Do,2,Mak,Hoa My
2021/02/3,La,1,Violet,Linh Ung
2021/02/4,C,2,Bru,My Khe 3
2021/02/4,C,3,Tin,101B_Le Huu Trac
2021/02/8,R,1,Boop,Truong Chinh
2021/02/15,K,1,Kio,Hoa Mai
2021/02/16,B,1,Lam,Tran Phu
2021/02/19,Do,3,Rio,Le Loi
2021/03/1,La,2,Haza,Linh Ung
2021/03/5,El,1,Luci,Kon Tum
2021/03/16,Li,1,Jiji,Quang Binh
2021/03/19,De,1,Deba,Quang Tri
2021/03/19,El,2,Kelo,Kon Tum
2021/03/25,M,2,Pum,Phong Nha
2021/04/2,M,3,Pat,Phong Nha
2021/04/7,Do,4,Mimi ,My Khe 3
2021/04/15,La,3,Colu,Linh Ung
,,,,
